{
  "AAPL": {
    "baseline_ensemble": {
      "mse": 0.019427821878416015,
      "mae": 0.12577404826317173,
      "rmse": 0.13938372171245828,
      "mape": 540.6401179028383,
      "direction_accuracy": 10.0,
      "correlation": -0.8613860447828667,
      "predictions": [
        -0.05542998808880506,
        -0.04875069151969982,
        -0.04347433701327291,
        -0.04740616787052306,
        -0.049586874544838865,
        -0.04734335458348147,
        -0.05341357077316219,
        -0.05353421670646034,
        -0.05326823283184092,
        -0.058081239560610176
      ],
      "actual": [
        -0.00684508612597734,
        0.029684925581853427,
        0.012229932580428926,
        -0.0012549997695198156,
        -0.0011725665817120534,
        0.011306901842544681,
        0.007895332656311815,
        0.006280091600848081,
        0.014705622952702946,
        0.023437938010235637
      ]
    },
    "baseline_linear_regression": {
      "mse": 0.006756683972626818,
      "mae": 0.0707646196021877,
      "rmse": 0.08219905092290797,
      "mape": 791.2486694127776,
      "direction_accuracy": 86.66666666666667,
      "correlation": -0.8947316796436515,
      "predictions": [
        0.09049891956198916,
        0.09696751419775337,
        0.11279657771703408,
        0.10100108514528364,
        0.09445896512233623,
        0.1011895250064084,
        0.08219232362129733,
        0.081806339523389,
        0.08260429114724724,
        0.06816527096093947
      ],
      "actual": [
        -0.00684508612597734,
        0.029684925581853427,
        0.012229932580428926,
        -0.0012549997695198156,
        -0.0011725665817120534,
        0.011306901842544681,
        0.007895332656311815,
        0.006280091600848081,
        0.014705622952702946,
        0.023437938010235637
      ]
    },
    "baseline_random_forest": {
      "mse": 0.027765765795547005,
      "mae": 0.15854976252859465,
      "rmse": 0.16663062682336344,
      "mape": 941.6434657610978,
      "direction_accuracy": 10.0,
      "correlation": 0.7350894367889064,
      "predictions": [
        -0.09640878672586822,
        -0.09640878672586822,
        -0.09640878672586822,
        -0.09640878672586822,
        -0.09640878672586822,
        -0.09640878672586822,
        -0.0953101239728426,
        -0.09442104104444855,
        -0.09442104104444855,
        -0.09442104104444855
      ],
      "actual": [
        -0.00684508612597734,
        0.029684925581853427,
        0.012229932580428926,
        -0.0012549997695198156,
        -0.0011725665817120534,
        0.011306901842544681,
        0.007895332656311815,
        0.006280091600848081,
        0.014705622952702946,
        0.023437938010235637
      ]
    }
  }
}