{
  "AAPL": {
    "baseline_ensemble": {
      "mse": 0.019619544506665927,
      "mae": 0.1266240569281149,
      "rmse": 0.1400697844171466,
      "mape": 552.5086901523574,
      "direction_accuracy": 10.0,
      "correlation": -0.8617119742954091,
      "predictions": [
        -0.05684236043768685,
        -0.05016305328131262,
        -0.044886673108077015,
        -0.048818519072655685,
        -0.050999209007129676,
        -0.04875568771039601,
        -0.05487334409833764,
        -0.05500201185771634,
        -0.05473603974643371,
        -0.05954905802001371
      ],
      "actual": [
        -0.00684508612597734,
        0.029684996703570388,
        0.012229932580428926,
        -0.0012549331440571132,
        -0.001172633358129782,
        0.011306901842544681,
        0.007895332656311815,
        0.006280091600848081,
        0.014705689988707027,
        0.023437938010235637
      ]
    },
    "baseline_linear_regression": {
      "mse": 0.0067565848832050355,
      "mae": 0.07076438460570576,
      "rmse": 0.08219844818002975,
      "mape": 791.268537762387,
      "direction_accuracy": 86.66666666666667,
      "correlation": -0.8947302619684762,
      "predictions": [
        0.09050149237103211,
        0.09697012449410955,
        0.11279926501381632,
        0.10100372712008035,
        0.09446165731665834,
        0.10119222120685933,
        0.08219499489102144,
        0.08180899161288535,
        0.08260690794673325,
        0.06816785312599324
      ],
      "actual": [
        -0.00684508612597734,
        0.029684996703570388,
        0.012229932580428926,
        -0.0012549331440571132,
        -0.001172633358129782,
        0.011306901842544681,
        0.007895332656311815,
        0.006280091600848081,
        0.014705689988707027,
        0.023437938010235637
      ]
    },
    "baseline_random_forest": {
      "mse": 0.03725233941032251,
      "mae": 0.1857557416538841,
      "rmse": 0.1930086511281878,
      "mape": 1166.565073916691,
      "direction_accuracy": 10.0,
      "correlation": -0.12584537138739219,
      "predictions": [
        -0.12072067597606416,
        -0.12072067597606416,
        -0.12072067597606416,
        -0.12072067597606416,
        -0.12072067597606416,
        -0.12072067597606416,
        -0.12072067597606416,
        -0.12072067597606416,
        -0.12072067597606416,
        -0.12072067597606416
      ],
      "actual": [
        -0.00684508612597734,
        0.029684996703570388,
        0.012229932580428926,
        -0.0012549331440571132,
        -0.001172633358129782,
        0.011306901842544681,
        0.007895332656311815,
        0.006280091600848081,
        0.014705689988707027,
        0.023437938010235637
      ]
    },
    "neural_ttm": {
      "mse": 0.006946142076724923,
      "mae": 0.06545940971062171,
      "rmse": 0.08334351850458993,
      "mape": 100.00002973116493,
      "direction_accuracy": 10.0,
      "correlation": NaN,
      "predictions": [
        0.0,
        0.0,
        0.0,
        0.0,
        0.0,
        0.0,
        0.0,
        0.0,
        0.0,
        0.0
      ],
      "actual": [
        -0.00684508612597734,
        0.029684996703570388,
        0.012229932580428926,
        -0.0012549331440571132,
        -0.001172633358129782,
        0.011306901842544681,
        0.007895332656311815,
        0.006280091600848081,
        0.014705689988707027,
        0.023437938010235637
      ]
    }
  }
}