{
  "AAPL": {
    "baseline_ensemble": {
      "mse": 58899.9256981087,
      "mae": 242.4894890430386,
      "rmse": 242.69306891237892,
      "mape": 99.97241574805798,
      "direction_accuracy": 48.275862068965516,
      "correlation": -0.3579881034125215,
      "predictions": [
        0.06816660033000337,
        0.06980225048196591,
        0.07056408975729932,
        0.07222814972891885,
        0.07012341314235337,
        0.06963208675698468,
        0.0683250139492625,
        0.06855722213026133,
        0.07124762893114482,
        0.06894540256812241
      ],
      "actual": [
        224.4585418701172,
        227.47128295898438,
        227.73065185546875,
        228.44891357421875,
        227.97007751464844,
        229.3168182373047,
        232.30960083007812,
        234.49432373046875,
        234.36465454101562,
        236.75888061523438
      ]
    },
    "baseline_linear_regression": {
      "mse": 58940.092032379,
      "mae": 242.572172127075,
      "rmse": 242.77580611003847,
      "mape": 100.00650858702099,
      "direction_accuracy": 48.275862068965516,
      "correlation": -0.3698372927276773,
      "predictions": [
        -0.010273150395505581,
        -0.006724183413209794,
        -0.004438665587209595,
        0.0005535143276490517,
        -0.00576069543204738,
        -0.007234674588153495,
        -0.011155893011319973,
        -0.010459268468323513,
        -0.002388048065673054,
        -0.009294727154740307
      ],
      "actual": [
        224.4585418701172,
        227.47128295898438,
        227.73065185546875,
        228.44891357421875,
        227.97007751464844,
        229.3168182373047,
        232.30960083007812,
        234.49432373046875,
        234.36465454101562,
        236.75888061523438
      ]
    },
    "baseline_random_forest": {
      "mse": 58903.37675134763,
      "mae": 242.49665031324722,
      "rmse": 242.70017872129313,
      "mape": 99.97539308800246,
      "direction_accuracy": 31.03448275862069,
      "correlation": -0.3917900295996206,
      "predictions": [
        0.059993981588059846,
        0.059115984079085276,
        0.06187370931950784,
        0.06187370931950784,
        0.059115984079085276,
        0.059115984079085276,
        0.059115984079085276,
        0.059115984079085276,
        0.059115984079085276,
        0.059115984079085276
      ],
      "actual": [
        224.4585418701172,
        227.47128295898438,
        227.73065185546875,
        228.44891357421875,
        227.97007751464844,
        229.3168182373047,
        232.30960083007812,
        234.49432373046875,
        234.36465454101562,
        236.75888061523438
      ]
    }
  }
}