{
  "d_model": 128,
  "num_layers": 1,
  "nhead": 3,
  "lr": 0.00035023904615139685,
  "dropout": 0.12618730568340664,
  "epochs": 5
}